{"cameraMode":{"drawMode":0,"name":"Shaded","section":"Shading Mode"},"sceneLighting":true,"audioPlay":false,"sceneViewState":{"m_AlwaysRefresh":false,"showFog":false,"showSkybox":false,"showFlares":false,"showImageEffects":false,"showParticleSystems":false,"showVisualEffectGraphs":true,"m_FxEnabled":true},"in2DMode":false,"pivot":{"x":2.6332597732543947,"y":3.0839061737060549,"z":2.0639877319335939},"rotation":{"x":-0.37590914964675906,"y":-0.32821616530418398,"z":0.14409445226192475,"w":-0.8545835614204407},"size":13.721030235290528,"orthographic":true}